ԍ,{ݗތ^,ۈ牀,N,,ZP,ZQ,Z3,Z4,Z5,db,
1,A^,Lucez܂̉ƕۈ牀,Yx`2,19,_ސ쌧,ls,`k,xm2-28-16,102,045-716-8580,ew k15
2,`^,LbYp[gi[qR,Yx`2,19,_ސ쌧,ls,`k,qR113-1,,045-531-0220,qRw k10
3,`^,X^[`Xgۈ牀,U`2,19,_ސ쌧,ls,`k,g{1-23-12,102,045-562-8108,gw kQ
4,`^,`kǂ,Yx`2,19,_ސ쌧,ls,`k,哤˒365-1,,045-547-6335,qRwk 13/ew k13
5,`^,sbREOfVl,6`2,19,_ސ쌧,ls,`k,Vl1-2-6,,045-472-1188,Vlw k10
6,`^,Ȃ˕ۈ牀,Yx`2,19,_ސ쌧,ls,`k,t824,,045-515-0619,qRw k15
7,a^,K͕ۈ玖MIRAioVl,Yx`2,19,_ސ쌧,ls,`k,Vl3-12-4,1F,045-620-7510,Vlw k8
8,`^,Lucez܂̉ƕۈ牀j,Yx`2,19,_ސ쌧,ls,`k,j4-9-28,,045-718-6466,jw k15
9,`^,LbYp[gi[g,Yx`2,19,_ސ쌧,ls,`k,֒1-3-10,,045-560-2300,gw k5
10,`^,g`[bv[,6`2,9,_ސ쌧,ls,`k,֒1-16-18,101,045-620-0477,gw k5
11,`^,Ԃۈ玺,6`2,19,_ސ쌧,ls,`k,j2-15-14,,045-717-7471,jw k8
12,`^,xCLbY̐Xۈ牀,Yx`2,10,_ސ쌧,ls,`k,c4-1,8101,045-873-3509,gw }oX T@Gg k2
13,`^,ۈ牀,3`2,15,_ސ쌧,ls,`k,c5-29-23,1K,045-594-6707,gw oX 12/cw k15
14,`^,ۈ烋[Cloverj,Yx`2,19,_ސ쌧,ls,`k,j3-5-50,,045-633-4701,jw k10
15,`^,V˃LbYNuyVٍj,10`2,19,_ސ쌧,ls,`k,j1-12-2,,045-642-8815,jw k5
16,`^,Wvۈ牀,4`2,19,_ސ쌧,ls,`k,g{3-33-16,101,045-620-5252,g{w k4
17,|,ۈ玺iƒIۈj,Yx`2,5,_ސ쌧,ls,`k,Vgc5-16-18,,045-544-8700,jw }oX 5 Vgc
18,`^,[Yۈ牀iƏۈj,1΁`2,4,_ސ쌧,ls,`k,c2-21-11,,045-593-0595,cw k10
